"Name"	"Group"	"Cluster"
"Re: Gun Control (was Re: We're Mad as Hell at the TV News)"	"0"	"0"
"Re: Gun Control (was Re: We're Mad as Hell at the TV News)"	"0"	"0"
"Re: Gun Control (was Re: We're Mad as Hell at the TV News)"	"0"	"0"
"Vancouver/Seattle Study Critiques"	"0"	"0"
"Waco dates - are these coincidental?"	"0"	"0"
"Re: Gun Control (was Re: We're Mad as Hell at the TV News)"	"0"	"0"
"Re: Gun Nuts and Holly Silva"	"0"	"1"
"Re: ATF suspects drug lab in compound"	"0"	"0"
"PUBLIC HEARINGS on Ballot Access, Vote Fraud and Other Issues"	"0"	"7"
"PUBLIC HEARINGS on Ballot Access, Vote Fraud and Other Issues"	"0"	"7"
"Celebrate Liberty!  1993"	"0"	"7"
"Re: Threatening Gun Owners"	"0"	"0"
"Re: I believe in gun control."	"0"	"1"
"Re: Lavishly Funded ""Gun Epidemic"" Propaganda Campaign to Commence"	"0"	"0"
"Re: Govs. Florio, Wilder Hit Airwaves In Support of Brady Bill"	"0"	"1"
"Re: Waco dates - are these coincidental?"	"0"	"0"
"Re: NRA Fucks Up Bigtime"	"0"	"1"
"Re: Gun Control (was Re: We're Mad as Hell at the TV News)"	"0"	"0"
"Re: Bill 'Blame America First' Clinton Strikes Again."	"0"	"0"
"Re: Fwd: FREE NRA MEMBERSHIP OFFER"	"0"	"0"
"Re: the usual"	"0"	"0"
"Re: Gun Control (was Re: We're Mad as Hell at the TV News)"	"0"	"0"
"Re: Gun Control (was Re: We're Mad as Hell at the TV News)"	"0"	"0"
"Re: Gun Control (was Re: We're Mad as Hell at the TV News)"	"0"	"0"
"Re: Bill 'Blame America First' Clinton Strikes Again."	"0"	"0"
"Re: Gun Control (was Re: We're Mad as Hell at the TV News)"	"0"	"0"
"Re: Gun Control (was Re: We're Mad as Hell at the TV News)"	"0"	"0"
"Re: A universal RIGHT to bear arms? NOT!"	"0"	"1"
"Re: Gov't break-ins (Re: 60 minutes)"	"0"	"1"
"Re: a universal RIGHT to bear arms? NOT!"	"0"	"1"
"Re: Gov't break-ins (Re: 60 minutes)"	"0"	"1"
"<None>"	"0"	"0"
"Re: the usual"	"0"	"1"
"Re: Waco dates - are these coincidental?"	"0"	"1"
"Questions to Ponder"	"0"	"7"
"Re: Gun Control: proud to be a Canuck"	"0"	"1"
"Re: Flamage  (was Janet Reno)"	"0"	"1"
"Re: the usual"	"0"	"0"
"Re: the usual"	"0"	"1"
"Re: Gov't break-ins (Re: 60 minutes)"	"0"	"1"
"Re: RKBA on NYC radio station"	"0"	"5"
"Re: Enforcement of Early Common Law"	"0"	"0"
"Re: Gun Control (was Re: We're Mad as Hell at the TV News)"	"0"	"0"
"Re: Gun Control (was Re: We're Mad as Hell at the TV News)"	"0"	"0"
"Armed Citizen - April '93"	"0"	"0"
"Re: Founding Father questions"	"0"	"7"
"Re: Gun Control (was Re: We're Mad as Hell at the TV News)"	"0"	"0"
"Re: Gun Control (was Re: We're Mad as Hell at the TV News)"	"0"	"0"
"Re: the usual"	"0"	"0"
"Re: Statement of Sarah Brady Regarding Texas State Carrying Concealed Legislation"	"0"	"0"
"Re: What is a cop's *primary* duty?"	"0"	"0"
"Re: What if the Dividians were black?"	"0"	"1"
"Re: Gun Control (was Re: We're Mad as Hell at the TV News)"	"0"	"0"
"Re: Gun Control (was Re: We're Mad as Hell at the TV News)"	"0"	"0"
"Re: Nazi memoribilia"	"0"	"1"
"Re: Nazi memoribilia"	"0"	"1"
"National Crime Survey"	"0"	"0"
"Re: Do they really believe?"	"0"	"0"
"Re: Gun Control: proud to be a Canuck"	"0"	"1"
"Re: Gun Control: proud to be a Canuck"	"0"	"1"
"Re: Gun Control"	"0"	"0"
"Re: Another NYTimes Yellow-Sheet Editorial (4/4/93)"	"0"	"1"
"Re: My Gun is like my American Express Card"	"0"	"0"
"Letter to a Liberal Colleague -- L. Neil Smith"	"0"	"0"
"Re: Ban All Firearms !"	"0"	"1"
"Re: That silly outdated Bill (was Re: Koresh and Miranda)"	"0"	"1"
"Re: My Gun is like my American Express Card"	"0"	"0"
"Re: My Gun is like my American Express Card"	"0"	"0"
"Re: Ban All Firearms !"	"0"	"1"
"Re: The 'pill' for Deer = No Hunting"	"0"	"1"
"Re: Non-lethal alternatives to handguns?"	"0"	"1"
"Re: My Gun is like my American Express Card"	"0"	"0"
"Re: My Gun is like my American Express Card"	"0"	"0"
"Re: The 'pill' for Deer = No Hunting"	"0"	"1"
"Re: My Gun is like my American Express Card"	"0"	"0"
"Re: That silly outdated Bill (was Re: Koresh and Miranda)"	"0"	"1"
"Re: The 'pill' for Deer = No Hunting"	"0"	"1"
"Re: Ban All Firearms !"	"0"	"1"
"Re: Non-lethal alternatives to handguns?"	"0"	"1"
"Re: The 'pill' for Deer = No Hunting"	"0"	"1"
"Re: With Friends Like The"	"0"	"5"
"Re: My turn"	"0"	"2"
"Re: Ban All Firearms !"	"0"	"1"
"Re: My Gun is like my American Express Card"	"0"	"0"
"Newspapers censoring gun advertisements"	"0"	"0"
"Re: My Gun is like my American Express Card"	"0"	"0"
"Re: Ban All Firearms !"	"0"	"1"
"Re: Ban All Firearms !"	"0"	"1"
"Re: My Gun is like my American Express Card"	"0"	"0"
"Re: My Gun is like my American Express Card"	"0"	"0"
"Re: Ban All Firearms !"	"0"	"1"
"Re: ""Proper gun control?"" What is proper gun control? (was Re: My Gun is like my American Express Card)"	"0"	"0"
"Re: The 'pill' for Deer = No Hunting"	"0"	"1"
"Re: Some more about gun control..."	"0"	"0"
"Re: My Gun is like my American Express Card"	"0"	"1"
"Re: Clinton wants National ID card, aka USSR-style ""Internal Passport"""	"0"	"7"
"Re: Some more about gun control..."	"0"	"1"
"Re: ""militia"" (incredibly long)"	"0"	"1"
"Re: FYI - BATF reply on Waco"	"0"	"5"
"Re: Non-lethal alternatives to handguns?"	"0"	"1"
"Re: Gun Lovers (was Re: My Gun is like my American Express Card)"	"0"	"1"
"Re: Gun Lovers (was Re: My Gun is like my American Express Card)"	"0"	"0"
"Re: The 'pill' for Deer = No Hunting"	"0"	"1"
"Re: guns in backcountry? no thanks"	"0"	"1"
"Re: My Gun is like my...."	"0"	"0"
"Reminder -- Denver Rally Tomorrow"	"0"	"0"
"Re: ""militia"" (incredibly long)"	"0"	"1"
"Re: My Gun is like my...."	"0"	"0"
"Re: guns in backcountry? no thanks"	"0"	"1"
"Re: guns in backcountry? no thanks"	"0"	"6"
"Re: Some more about gun control..."	"0"	"1"
"Re: guns in backcountry? no thanks"	"0"	"1"
"CNN for sale"	"0"	"0"
"Re: Carrying Arms"	"0"	"1"
"Re: My Gun is like my...."	"0"	"0"
"Re: Guns GONE. Good Riddance !"	"0"	"1"
"Re: My Gun is like my American Express Card"	"0"	"0"
"Re: What to do if you shoot somebody"	"0"	"0"
"Re: Guns GONE. Good Riddance !"	"0"	"1"
"Re: 2ND AMENDMENT DEAD - GOOD !"	"0"	"1"
"Re: My Gun is like my American Express Card"	"0"	"0"
"Re: What to do if you shoot somebody"	"0"	"0"
"Re: Tanks against civilians (was Re: That silly outdated Bill/Koresh)"	"0"	"1"
"Re: Guns GONE. Good Riddance !"	"0"	"1"
"Re: 2%: We're undertaxed/Poll"	"0"	"1"
"Randy Weaver trial update: Day 4."	"0"	"2"
"Randy Weaver trial update: Day 1."	"0"	"1"
"S414 (Brady bill) loopholes?"	"0"	"0"
"Re: 2ND AMENDMENT DEAD - GOOD !"	"0"	"1"
"Re: Guns GONE. Good Riddance !"	"0"	"1"
"Re: My Gun is like my American Express Card"	"0"	"0"
"Re: What to do if you shoot somebody"	"0"	"0"
"Re: What to do if you shoot somebody"	"0"	"0"
"Re: My Gun is like my...."	"0"	"0"
"CDN gun laws"	"0"	"0"
"sign of the times..."	"0"	"0"
"Re: 2ND AMENDMENT DEAD - GOOD !"	"0"	"1"
"Ohio House Bill 278 (Otto Beatty's military weapons ban)"	"0"	"0"
"Re: Guns GONE. Good Riddance !"	"0"	"1"
"Re: 2ND AMENDMENT DEAD - GOOD !"	"0"	"0"
"Re: Proof of the Viability of Gun Control"	"0"	"1"
"Re: CNN for sale"	"0"	"0"
"Re: guns in backcountry? no thanks"	"0"	"1"
"Re: Guns GONE. Good Riddance !"	"0"	"0"
"Re: 2ND AMENDMENT DEAD - GOOD !"	"0"	"1"
"Re: BATF/FBI Murders Almost Everyone in Waco Today! 4/19"	"0"	"1"
"Letter to the President"	"0"	"1"
"Re: Insane Gun-toting Wackos Unite!!!"	"0"	"0"
"Re: ""Proper gun control?"" What is proper gun control?"	"0"	"0"
"Re: The 'pill' for Deer = No Hunting"	"0"	"1"
"Re: Clinton wants National ID card, aka USSR-style ""Internal Passport"""	"0"	"7"
"Re: My Gun is like my American Express Card"	"0"	"0"
"Re: Non-lethal alternatives to handguns?"	"0"	"1"
"Don't knock the Glock (was Re: My Gun is like my Am Ex Card)"	"0"	"1"
"Re: sex education"	"1"	"2"
"re: technology"	"1"	"1"
"Does God love you?"	"1"	"2"
"quality of Catholic liturgy"	"1"	"2"
"Re: Prayer in Jesus' Name"	"1"	"2"
"Re: Revelations"	"1"	"2"
"Re: Sin"	"1"	"2"
"Re: Opinions asked about rejection"	"1"	"2"
"Re: Prophetic Warning to New York City"	"1"	"2"
"Re: christians and aids"	"1"	"2"
"Anybody out there?"	"1"	"1"
"Re: DID HE REALLY RISE???"	"1"	"2"
"Questions from a newbie"	"1"	"2"
"Re: Prophetic Warning to New York City"	"1"	"2"
"Re: Ancient Books"	"1"	"2"
"Re: Is ""Christian"" a dirty word?"	"1"	"2"
"Re: The arrogance of Christians"	"1"	"2"
"""Accepting Jeesus in your heart..."""	"1"	"2"
"Re: The arrogance of Christians"	"1"	"2"
"Re: technology"	"1"	"3"
"Re: post"	"1"	"2"
"re: Pantheism and Environmentalism"	"1"	"2"
"Easter: what's in a name? (was Re: New Testament Double Standard?"	"1"	"2"
"Re: sex education"	"1"	"2"
"Weirdness of Early Christians"	"1"	"2"
"Re: Hell"	"1"	"2"
"Legitimate bawdy humor; was: Re: sex education - it's a joke !"	"1"	"2"
"Re: Easter: what's in a name? (was Re: New Testament Double Standard?"	"1"	"2"
"WITNESS & PROOF OF CHRIST'S RESURRECTION"	"1"	"2"
"Re: quality of Catholic liturgy"	"1"	"2"
"Re: christians and aids"	"1"	"2"
"Re: christians and aids"	"1"	"2"
"Re: Pantheism & Environmentalism"	"1"	"2"
"Re: Prayer in Jesus' Name"	"1"	"2"
"Re: Easter: what's in a name? (was Re: New Testament Double Standard?"	"1"	"2"
"Re: ""Accepting Jeesus in your heart..."""	"1"	"2"
"Re: Reason vs. Revelation"	"1"	"2"
"Re: Revelations"	"1"	"2"
"Re: Unity"	"1"	"2"
"Re: Weirdness of Early Christians"	"1"	"2"
"Pantheism & Environmentalism"	"1"	"2"
"Re: Ancient Books"	"1"	"2"
"Re: Prayer in Jesus' Name"	"1"	"2"
"THE EMPTY TOMB..."	"1"	"2"
"Re: old vs. new testament"	"1"	"2"
"Re: Pantheism & Environmentalism"	"1"	"2"
"Re: Opinions asked about rejection"	"1"	"2"
"Re: The arrogance of Christians"	"1"	"2"
"Re: The arrogance of Christians"	"1"	"2"
"Re: Pantheism & Environmentalism"	"1"	"2"
"Re: ""Accepting Jeesus in your heart..."""	"1"	"2"
"Re: Prophetic Warning to New York City"	"1"	"2"
"Ethics vs. Freedom"	"1"	"2"
"Re: Revelations"	"1"	"2"
"Re: Easter: what's in a name? (was Re: New Testament Double Standard?"	"1"	"2"
"Catholic Liturgy"	"1"	"2"
"-= Hell =-"	"1"	"2"
"Re: The arrogance of Christians"	"1"	"2"
"Re: DID HE REALLY RISE???"	"1"	"2"
"Re: DID HE REALLY RISE???"	"1"	"2"
"Re: Can sin ""block"" our prayers?"	"1"	"2"
"Atheist's views on Christianity (was: Re: ""Accepting Jeesus in your heart..."")"	"1"	"2"
"Re: The arrogance of Christians"	"1"	"2"
"Re: Prophecy on NYC"	"1"	"2"
"RFD: soc.religion.islam.ahmadiyya moderated"	"1"	"2"
"Re: The arrogance of Christians"	"1"	"2"
"RE: Does God love you?"	"1"	"2"
"quality of Catholic liturgy"	"1"	"2"
"""Accepting Jeesus in your heart..."""	"1"	"2"
"Re: Every Lent He suffers to save us"	"1"	"2"
"Re: Atheist's views on Christianity (was: Re: ""Accepting Jeesus in your heart..."")"	"1"	"2"
"Weirdness of Early Christians"	"1"	"2"
"Re: The arrogance of Christians"	"1"	"2"
"Greek Wordprocessor/Database."	"1"	"3"
"Re: The arrogance of Christians"	"1"	"2"
"Re: quality of Catholic liturgy"	"1"	"2"
"Certainty and Arrogance"	"1"	"2"
"Re: The arrogance of Christians"	"1"	"2"
"Re: Prayer in Jesus' Name"	"1"	"2"
"Nature of God (Re: Environmentalism and paganism)"	"1"	"2"
"Re: ""Accepting Jeesus in your heart..."""	"1"	"2"
"Re: Questions from a newbie"	"1"	"2"
"Re: Eternity of Hell (was Re: Hell)"	"1"	"2"
"SSPX schism ?"	"1"	"2"
"Re: Easter: what's in a name? (was Re: New Testament Double Stan"	"1"	"2"
"'Easter' not derived from 'Ishtar'"	"1"	"2"
"Re: Easter: what's in a name? (was Re: New Testament Double Stan"	"1"	"2"
"Re: Easter: what's in a name? (was Re: New Testament Double Stan"	"1"	"2"
"proof of resurection"	"1"	"2"
"Re: The arrogance of Christians"	"1"	"2"
"Re: ""Accepting Jeesus in your heart..."""	"1"	"2"
"Clarification: Easter"	"1"	"2"
"Re: Eternity of Hell (was Re: Hell)"	"1"	"2"
"Re: A question that has bee bothering me."	"1"	"2"
"Re: Ancient Books"	"1"	"2"
"Re: The arrogance of Christians"	"1"	"2"
"Re: Atheist's views on Christianity (was: Re: ""Accepting Jeesus in your heart..."")"	"1"	"2"
"Re: The arrogance of Christians"	"1"	"7"
"Re: SSPX schism ?"	"1"	"2"
"Re: Pantheism & Environmentalism"	"1"	"2"
"Re: quality of Catholic liturgy"	"1"	"2"
"NATIONAL DAY Of PRAYER"	"1"	"2"
"Christianity & Atheism:  an update"	"1"	"2"
"Re: Nature of God (Re: Environmentalism and paganism)"	"1"	"2"
"Re: Certainty and Arrogance"	"1"	"2"
"Re: Can sin ""block"" our prayers?"	"1"	"2"
"Re: The arrogance of Christians"	"1"	"2"
"ONLINE BIBLE as bible study"	"1"	"2"
"Re: The arrogance of Christians"	"1"	"2"
"Re: DID HE REALLY RISE???"	"1"	"2"
"Re: Eternity of Hell (was Re: Hell)"	"1"	"2"
"Re: Prophetic Warning to New York City"	"1"	"2"
"Re: Certainty and Arrogance"	"1"	"2"
"Some questions from a new Christian"	"1"	"2"
"Re: Sabbath Admissions 5of5"	"1"	"2"
"Re: DID HE REALLY RISE???"	"1"	"2"
"John 3:16 paraphrased"	"1"	"2"
"Re: Certainty and Arrogance"	"1"	"2"
"WBT (WAS: Re: phone number of wycliffe translators UK)"	"1"	"2"
"Re: An agnostic's question"	"1"	"2"
"Religious wars"	"1"	"2"
"Re: Hell_2:  Black Sabbath"	"1"	"1"
"Re: phone number of wycliffe translators UK"	"1"	"2"
"Re: ""Accepting Jesus in your heart..."""	"1"	"2"
"Re: The arrogance of Christians"	"1"	"2"
"Re: Atheist's views on Christianity (was: Re: ""Accepting Jeesus in your heart..."")"	"1"	"1"
"Revelations - BABYLON?"	"1"	"2"
"Doing the work of God??!!)"	"1"	"2"
"Re: The arrogance of Christians"	"1"	"2"
"CALL FOR PRESENTATIONS: Navy SciViz/VR Seminar"	"2"	"3"
"Re: DMORPH"	"2"	"3"
"Re: 16 million vs 65 thousand colors"	"2"	"4"
"Searching for Public Domain Brain & Neuron Databases"	"2"	"3"
"The HumBio Project-- call for data and visualizations"	"2"	"3"
"Re: More gray levels out of the screen"	"2"	"3"
"Re: Rumours about 3DO ???"	"2"	"5"
"Re: BW hardcopy of colored window?"	"2"	"3"
"Re: Real Time Graphics??"	"2"	"3"
"RE: VESA on the Speedstar 24"	"2"	"3"
"Surface normal orientations"	"2"	"6"
"Re: Graphics Library Package"	"2"	"3"
"Re: Surface normal orientations"	"2"	"5"
"Re: Surface normal orientations"	"2"	"5"
"Re: 16 million vs 65 thousand colors"	"2"	"3"
"Re: Fractals? what good are they?"	"2"	"1"
"Re: QuickTime movie available"	"2"	"3"
"Re: forms for curses"	"2"	"4"
"Re: Trying to view POV files....."	"2"	"3"
"HOT NEW 3D Software"	"2"	"3"
"Re: HOT NEW 3D Software"	"2"	"3"
"Re: VGA 640x400 graphics mode"	"2"	"7"
"Apr 20 Toronto Siggraph Event"	"2"	"3"
"Re: Delaunay Triangulation"	"2"	"3"
"Re: Trying to view POV files....."	"2"	"3"
"Re: looking for circle algorithm faster than Bresenhams"	"2"	"3"
"Polygon Reduction for Marching Cubes"	"2"	"7"
"dmpeg10.zip info: Another DOS MPEG decoder/player posted"	"2"	"4"
"Re: looking for circle algorithm faster than Bresenhams"	"2"	"3"
"Re: Point within a polygon"	"2"	"3"
"Re: Point within a polygon"	"2"	"3"
"Re: Two pointing devices in one COM-port?"	"2"	"1"
"Re: TIFF: philosophical significance of 42"	"2"	"3"
"Re: Hollywood Hits, Virtual Reality"	"2"	"3"
"Re: Point within a polygon"	"2"	"3"
"Virtual Reality for X on the CHEAP!"	"2"	"4"
"Re: Crimson (Was: Kubota Announcement?)"	"2"	"3"
"JOB"	"2"	"3"
"Re: SIGGRAPH"	"2"	"3"
"Re: Please Recommend 3D Graphics Library For M"	"2"	"3"
"Micro World Data Bank II ?"	"2"	"3"
"SGI sales practices (Was: Crimson (Was: Kubota Announcement?))"	"2"	"3"
"Re: Please Recommend 3D Graphics Library For Mac."	"2"	"3"
"Re: Fonts in POV??"	"2"	"4"
"Re: PCX"	"2"	"3"
"Need help with Mitsubishi P78U image printer"	"2"	"3"
"Re: Rumours about 3DO ???"	"2"	"3"
"Re: SGI sales practices (Was: Crimson (Was: Kubota Announcement?))"	"2"	"3"
"[POV] Having trouble bump mapping a gif to a sphere"	"2"	"4"
"Program Included: 2 Edge Detection Algorithms!"	"2"	"4"
"Re: Virtual Reality for X on the CHEAP!"	"2"	"3"
"VGA Mode 13h Routines Available"	"2"	"3"
"Re: Sphere from 4 points?"	"2"	"6"
"Re: Sphere from 4 points?"	"2"	"6"
"Re: Stay Away from MAG Innovision!!!"	"2"	"1"
"Cobra 2.0 1-b-1 Video card HELP ME!!!!"	"2"	"7"
"Re: Sphere from 4 points?"	"2"	"6"
"Re: VGA 640x400 graphics mode"	"2"	"7"
"CView answers"	"2"	"3"
"How do I compensate for photographic viewpoint and distortion?"	"2"	"3"
"Re: Sphere from 4 points?"	"2"	"6"
"So what is the fastest Windows video card for graphics and imaging ?"	"2"	"7"
"Re: So what is the fastest Windows video card for graphics and imaging ?"	"2"	"7"
"Re: A Book I found... graphics"	"2"	"3"
"Re: So what is the fastest Windows video card for graphics and imaging ?"	"2"	"7"
"VESA standard VGA/SVGA programming???"	"2"	"3"
"Re: Stay Away from MAG Innovision!!!"	"2"	"1"
"Point within a polygon "	"2"	"3"
"Re: VESA standard VGA/SVGA programming???"	"2"	"3"
"Questions about Plane Eqn method of Hidden Surface removal"	"2"	"3"
"Reprints"	"2"	"3"
"10th International Obfuscated C Code Contest Opening (1 of 2)"	"3"	"4"
"10th International Obfuscated C Code Contest Opening (part 2 of 2)"	"3"	"4"
"X on Intel-based Unix Frequently Asked Questions [FAQ]"	"3"	"4"
"comp.windows.x.intrinsics Frequently Asked Questions (FAQ)"	"3"	"4"
"Re: TeleUse, UIM/X, and C++"	"3"	"4"
"converting color gif to X pixmap"	"3"	"4"
"Reposting: 10th International Obfuscated C Code Contest rules (1 of 2)"	"3"	"4"
"Reposting: 10th International Obfuscated C Code Contest rules (2 of 2)"	"3"	"4"
"Re: problem with xvertext package"	"3"	"4"
"Re: gadgets vs widgets"	"3"	"4"
"Re: Trouble compiling X11R5 on SunOS_4.1.3"	"3"	"4"
"Re: TeleUse, UIM/X, and C++"	"3"	"4"
"Re: Honors Degrees: Do they mean anything?"	"3"	"3"
"comp.windows.x Frequently Asked Questions (FAQ) 4/5"	"3"	"4"
"comp.windows.x Frequently Asked Questions (FAQ) 5/5"	"3"	"4"
"Re: >>>>> MOUSE BUTTONS 1,2 & 3 <<<<<<<< urgent !"	"3"	"6"
"Re: Drawing colour pixmaps - not rectangular"	"3"	"4"
"Re: Pixmaps, Masks, & Icons - Clues?"	"3"	"4"
"comp.windows.x Frequently Asked Questions (FAQ) 1/5"	"3"	"4"
"comp.windows.x Frequently Asked Questions (FAQ) 2/5"	"3"	"4"
"lost in (TekHVC color) space"	"3"	"4"
"comp.windows.x Frequently Asked Questions (FAQ) 3/5"	"3"	"4"
"Re: Honors Degrees: Do they mean anything?"	"3"	"3"
"Re: Cute X clients"	"3"	"3"
"Re: xv -root with vue? (was Re: xloadimage -onroot ...)"	"3"	"4"
"Re: Trouble compiling X11R5 on SunOS_4.1.3"	"3"	"4"
"Remapping <return> key in a dialog"	"3"	"4"
"Re: Honors Degrees: Do they mean anything?"	"3"	"3"
"String to Widget Resource Converter"	"3"	"4"
"Re: GUI Study"	"3"	"3"
"Re: GUI toolkit for the Sun Sparc."	"3"	"4"
"Help: SunView on olwm/xview3/X11R5"	"3"	"4"
"Re: I need source for splines"	"3"	"4"
"Re: Converting contents of X-window to color postscript"	"3"	"4"
"comp.windows.x: Getting more performance out of X.  FAQ"	"3"	"4"
"Re: app-defaults files"	"3"	"4"
"Re: XCopyPlane Question"	"3"	"3"
"Re: MS Windows VS Motif (GUI design differences), was Re: Future of Unix"	"3"	"4"
"GUI Study -- do users want to build solutions?"	"3"	"3"
"Re: Is Xlib thread safe?"	"3"	"4"
"How do I change the Text cursor in xterm"	"3"	"4"
"Re: C++ toolkit ""directions"" ?"	"3"	"4"
"Re: iconize a running application?"	"3"	"4"
"Re: Motif vs. [Athena, etc.]"	"3"	"4"
"TkMan for Ultrix"	"3"	"4"
"TkMan for Ultrix"	"3"	"4"
"Motif++ mailing list - is there any interest ?"	"3"	"4"
"Creating 8 bit windows on 24 bit display.. How?"	"3"	"4"
"Re: Fresco status?"	"3"	"4"
"Re: XWindows always opaque"	"3"	"4"
"Re: Motif vs. [Athena, etc.]"	"3"	"4"
"Re: Expose Events"	"3"	"6"
"Delayed Expose Events"	"3"	"6"
"Re: Need PD X-Y Plot Package"	"3"	"3"
"Re: DEC pixmap size"	"3"	"4"
"Re: **** CURSOR SIZE PROBLEMS ****"	"3"	"4"
"Why do I need ""xrdb -m"" when .Xdefaults unchanged?"	"3"	"4"
"Key definitions in Emacs + X"	"3"	"4"
"Problem with libXmu on SUNOS5.1 and gcc"	"3"	"4"
"Re: Motif vs. [Athena, etc.]"	"3"	"4"
"Re: interface to access separate appl."	"3"	"4"
"Re: Key definitions in Emacs + X"	"3"	"4"
"Re: Problem with libXmu on SUNOS5.1 and gcc"	"3"	"4"
"xterm build problem in Solaris2.1"	"3"	"4"
"Re: SVR4.x binary dists (was Re: RFD: to create comp.unix.sys5.univel)"	"3"	"4"
"Multi-screen apps and window managers"	"3"	"3"
"Ideal Operating System (Was: DEATH BLOW TO UNIX)"	"3"	"3"
"Re: Trouble compiling X11R5 on SunOS_4.1.3"	"3"	"7"
"Re: X-server multi screen"	"3"	"4"
"Re: a question on window ids"	"3"	"4"
"Re: X-server multi screen"	"3"	"4"
"Re: Creating 8 bit windows on 24 bit display.. How?"	"3"	"4"
"Re: X11R5 and Open Look"	"3"	"4"
"Re: xterm build problem in Solaris2.1"	"3"	"4"
"Re: xterm build problem in Solaris2.1"	"3"	"4"
"Re: Trouble compiling X11R5 on SunOS_4.1.3"	"3"	"4"
"Re: Title for XTerm"	"3"	"4"
"Re: X-server multi screen"	"3"	"4"
"Creating application contexts multiple times???"	"3"	"4"
"Xterm Cursor"	"3"	"4"
"Re: DESQview/X on a PC?"	"3"	"7"
"X and Security / X Technical Conference"	"3"	"7"
"R5 table widget causing trouble with XtQueryGeometry"	"3"	"4"
"spring records"	"4"	"6"
"Re: Eck vs Rickey (was Re: Rickey's whining again)"	"4"	"6"
"Re: NO JOKE: ROCKIES HAVE ATTENDANCE RECORD!!!!"	"4"	"6"
"Players Overpaid?"	"4"	"6"
"Re: Minnesota Pitching"	"4"	"5"
"Binaca Blast Deep Drive Derby (BBDDD) Returns"	"4"	"5"
"(ATAS) N.L. games 8/2-8/5 & standings of all"	"4"	"6"
"Bill James Player Rating Book 1993."	"4"	"3"
"Re: Tickets etc.."	"4"	"0"
"Re: Scott Erickson"	"4"	"1"
"Re: Finnally, the Phils have support"	"4"	"5"
"Re: Young Catchers"	"4"	"6"
"Re: My Belated Predictions (NL)"	"4"	"5"
"Re: ESPN and Expansion"	"4"	"6"
"Rockies opening day cast"	"4"	"5"
"Opening Day of 1990?"	"4"	"6"
"Re: Wohlers to minors"	"4"	"1"
"Re: Minnesota Pitching"	"4"	"5"
"Re: My Belated Predictions (NL)"	"4"	"5"
"Re: Bo was a good player, you shorts (plus idiots)"	"4"	"5"
"Re: Young Catchers"	"4"	"6"
"Re: quick way to tell if your local beat writer is dumb."	"4"	"6"
"Re: Young Catchers"	"4"	"6"
"Re: Finnally, the Phils have support"	"4"	"5"
"New Uniforms"	"4"	"5"
"Re: Players Overpaid?"	"4"	"6"
"Re: Best Second Baseman?"	"4"	"6"
"A.L. East is best in baseball!"	"4"	"6"
"Re: Best Second Baseman?"	"4"	"6"
"Re: ESPN and Expansion"	"4"	"6"
"Re: Bo was a good player, you shorts (plus idiots)"	"4"	"5"
"Re: My Belated Predictions (NL)"	"4"	"5"
"Re: New Uniforms"	"4"	"5"
"Re: Billy gets cheers in Baltimore!"	"4"	"5"
"My 1993 Predictions"	"4"	"5"
"Re: Young Catchers"	"4"	"5"
"Re: Young Catchers"	"4"	"6"
"MLB Standings and Scores for Tue, Apr 6th, 1993"	"4"	"3"
"Re: Rickey Henderson"	"4"	"6"
"Re: Brewer Notes"	"4"	"4"
"Re: 15-day, 30-day, 60-day disabled list questions"	"4"	"2"
"Re: Young Catchers"	"4"	"5"
"Re: My '93 picks (with only one comment)"	"4"	"5"
"Call for Votes - DTBL MVP and CY.  Please vote!"	"4"	"5"
"Re: Young Catchers"	"4"	"5"
"Re: Binaca Blast Deep Drive Derby (BBDDD) Returns"	"4"	"5"
"Cubs behind Marlins? How?"	"4"	"5"
"Re: My 1993 Predictions"	"4"	"5"
"Re: Joe Robbie Stadium ""NOT FOR BASEBALL"""	"4"	"6"
"Re: YANKKES 1 GAME CLOSER"	"4"	"6"
"mile high runs"	"4"	"5"
"Re: My '93 picks (with only one comment)"	"4"	"5"
"Re: MARLINS WIN! MARLINS WIN!"	"4"	"6"
"Re: Young Catchers"	"4"	"5"
"Re: Young Catchers"	"4"	"5"
"Re: Giants' GM Quinn *is* a genius!"	"4"	"1"
"My Predictions For 1993"	"4"	"5"
"Re: Young Catchers"	"4"	"5"
"Players Rushed to Majors"	"4"	"6"
"Re: Young Catchers"	"4"	"5"
"Re: My '93 picks (with only one comment)"	"4"	"5"
"Re: Jim Lefebvre is an idiot."	"4"	"6"
"Re: Young Catchers"	"4"	"5"
"Re: Rickey Henderson"	"4"	"6"
"""Seer"" Stephenson picks the A.L. East"	"4"	"6"
"Best record ever in baseball"	"4"	"6"
"Re: Players Rushed to Majors"	"4"	"6"
"Re: Notes on Jays vs. Indians Series"	"4"	"5"
"Re: Braves Pitching UpdateDIR"	"4"	"6"
"Re: YANKKES 1 GAME CLOSER"	"4"	"6"
"MLB Standings and Scores for Thu., Apr. 15th, 1993"	"4"	"3"
"Torre: The worst manager?"	"4"	"6"
"Re: Pleasant Yankee Surprises"	"4"	"5"
"Old Predictions to laugh at..."	"4"	"5"
"Re: Braves Pitching UpdateDIR"	"4"	"6"
"Re: Notes on Jays vs. Indians Series"	"4"	"6"
"Re: Spanky Released"	"4"	"5"
"Re: Astros Are Back!!!!!!!!!!!!!!!!!!!"	"4"	"5"
"DAVE KINGMAN FOR THE HALL OF FAME"	"4"	"6"
"Re: Seeking Moe Berg reference/info"	"4"	"3"
"Superstars and attendance (was Teemu Selanne, was +/- leaders)"	"5"	"6"
"Re: NHL team leaders in +/-"	"5"	"6"
"Re: This year's biggest and worst (opinion)..."	"5"	"5"
"And... THEY'RE OFF!!!!!"	"5"	"6"
"Re: Trade rumor: Montreal/Ottawa/Phillie"	"5"	"5"
"Re: Re-Alignnment, Expansion"	"5"	"5"
"NHL Summary parse results for games played Sat, April 3, 1993"	"5"	"5"
"NHL Summary parse results for games played Sun, April 4, 1993"	"5"	"5"
"Re: WC Pool B : GB win the gold"	"5"	"6"
"canadian silver dollar-stanley cup centennial"	"5"	"5"
"Re: Superstars and attendance (was Teemu Selanne, was +/- leaders)"	"5"	"6"
"Re: NHL team leaders in +/-"	"5"	"6"
"Re: In memoriam: Dan Kelly and Danny Gallivan"	"5"	"6"
"This year's biggest and worst (opinion)..."	"5"	"5"
"Re: Let's talk sticks..."	"5"	"6"
"Re: This year's biggest and worst (opinion)..."	"5"	"5"
"Re:  Potvin's new goalie mask"	"5"	"6"
"Re: This year's biggest and worst (opinion)..."	"5"	"5"
"re:  Don Cherry's Coach's Corner Summary - April 3, 1993"	"5"	"6"
"Re: This year's biggest and worst (opinion)..."	"5"	"5"
"Re: Canadiens - another Stanley Cup???"	"5"	"5"
"Too Many Europeans in NHL"	"5"	"6"
"Re: Expansion"	"5"	"6"
"Re: Trade rumor: Montreal/Ottawa/Phillie"	"5"	"5"
"Re: Playoff Predictions"	"5"	"5"
"Re: Good for hockey/Bad for hockey"	"5"	"7"
"Re: Canadiens - another Stanley Cup???"	"5"	"5"
"Re: Too Many Europeans in NHL"	"5"	"6"
"Re: Too Many European in NHL"	"5"	"6"
"Re: Good for hockey/Bad for hockey"	"5"	"7"
"Re: Too Many Europeans in NHL (Euro-bashing?)"	"5"	"6"
"Stan Fischler, 4/4"	"5"	"5"
"Re: Hockey Hell"	"5"	"6"
"Re: In memoriam: Dan Kelly and Danny Gallivan"	"5"	"6"
"Re: Playoff Predictions"	"5"	"5"
"NCAA Hockey Final"	"5"	"6"
"Re: Too Many Europeans in NHL"	"5"	"6"
"Re: This year's biggest and worst (opinion)..."	"5"	"5"
"FLYERS notes 4/5"	"5"	"5"
"Strange phenomens in NHL (was: Team leaders in +/-)"	"5"	"6"
"Re: Trade rumor: Montreal/Ottawa/Phillie"	"5"	"5"
"Re: This year's biggest and worst (opinion)..."	"5"	"5"
"Realignment in 2000"	"5"	"6"
"NHL Swedes: Stats, April 5"	"5"	"5"
"Re: Too Many Europeans in NHL"	"5"	"6"
"Re: Too Many Europeans in NHL"	"5"	"6"
"NHL Summary parse results for games played Mon, April 5, 1993"	"5"	"5"
"NHL RESULTS FOR GAMES PLAYED 4-05-93"	"5"	"5"
"USENET Hockey Draft week 26 standings"	"5"	"5"
"USENET Hockey Draft week 26 price list"	"5"	"5"
"Observations"	"5"	"5"
"Re: Sad day for hockey"	"5"	"6"
"Re: This year's biggest and worst (opinion)..."	"5"	"5"
"Re: Too Many Europeans in NHL"	"5"	"6"
"Re: This year's biggest and worst (opinion)..."	"5"	"6"
"Re: Sad day for hockey"	"5"	"6"
"Re: This year's biggest and worst (opinion)..."	"5"	"5"
"Re: New Name for the Stanley Cup"	"5"	"6"
"Re: This year's biggest and worst (opinion)..."	"5"	"5"
"Re: Canadiens - another Stanley Cup???"	"5"	"5"
"Re: Too Many Europeans in NHL"	"5"	"6"
"Re: TPS will stay on the top..."	"5"	"5"
"Re: Too Many Europeans in NHL"	"5"	"6"
"Sad day for hockey"	"5"	"6"
"rec.sport.hockey Frequently Asked Questions"	"5"	"6"
"Re: Bruins-Pens: the Ulf-Neeley fight"	"5"	"6"
"Isles / Hockey Ramblings"	"5"	"6"
"Re: Pens Info needed"	"5"	"6"
"expanding to Europe:Dusseldorf"	"5"	"6"
"Re: Sweden-Finland, April 14"	"5"	"5"
"Re: Leaf slump over"	"5"	"6"
"Re: Mogilny must be benched."	"5"	"6"
"Re: Canadians - another Stanley Cup"	"5"	"6"
"Re: Vlad's Playoff Picks"	"5"	"5"
"NHL Summary parse results for games played Wed, April 14, 1993"	"5"	"5"
"Re: What's so bad about the new playoff format?"	"5"	"7"
"Re: For sale; Edmonton Oilers."	"5"	"6"
"Re: Hockey and the Hispanic community"	"5"	"6"
"Re: Washington To Beat Pitt"	"5"	"5"
"Re: Washington To Beat Pitt"	"5"	"5"
"Re: Leaf slump over"	"5"	"6"
"Re: Patrick Playoffs Look Like This"	"5"	"5"
"Re: Playoff telecasts in Atlanta"	"5"	"5"
"Re: Playoff predictions"	"5"	"5"
"Re: plus minus stat"	"5"	"5"
"Re: plus minus stat"	"5"	"6"
"Re: plus minus stat"	"5"	"6"
"Minnesota recalls McGowan (HELP!!!)"	"5"	"6"
"Re: Helsinki/Stockholm & NHL expansion?"	"5"	"6"
"Re: Playoff predictions"	"5"	"5"
"My predictions"	"5"	"5"
"Re: plus minus stat"	"5"	"5"
"WFAN (STEVE & CHIEF ON 48 HOURS)"	"5"	"5"
"Pens box score 4/14"	"5"	"5"
"Re: Giveaways"	"5"	"6"
"Re: Hockey and the Hispanic community"	"5"	"6"
"Re: plus minus stat"	"5"	"5"
"Re: Washington To Beat Pitt"	"5"	"5"
"Goalie mask poll"	"5"	"5"
"Re: Washington To Beat Pitt"	"5"	"5"
"Re: plus minus stat"	"5"	"6"
"This Year's vs. Next Year's Playoffs"	"5"	"5"
"FLYERS notes 4/17"	"5"	"5"
"My Predictions of a classic playoff year!"	"5"	"5"
"AHL playoff results, 4/16"	"5"	"5"
"Re: This Year's vs. Next Year's Playoffs"	"5"	"5"
"Re: My Predictions of a classic playoff year!"	"5"	"5"
"Re: NHL team in Milwaukee"	"5"	"6"
"Re: Finland/Sweden vs.NHL teams (WAS:Helsinki/Stockholm & NH"	"5"	"6"
"Re: NHLPA poll (partial stats/results)"	"5"	"7"
"Re: Finland/Sweden vs.NHL teams (WAS:Helsinki/Stockholm & NH"	"5"	"6"
"Re: Stop predicting"	"5"	"5"
"Re: Gravity waves, was: Predicting gravity wave quantization & Cosmic Noise"	"6"	"7"
"Space FAQ 06/15 - Constants and Equations"	"6"	"7"
"Space FAQ 12/15 - Controversial Questions"	"6"	"7"
"Space FAQ 13/15 - Interest Groups & Publications"	"6"	"7"
"Space FAQ 14/15 - How to Become an Astronaut"	"6"	"7"
"Diffs to sci.space/sci.astro Frequently Asked Questions"	"6"	"7"
"Space FAQ 01/15 - Introduction"	"6"	"7"
"Space FAQ 02/15 - Network Resources"	"6"	"7"
"Space FAQ 03/15 - Data Sources"	"6"	"7"
"Space FAQ 05/15 - References"	"6"	"7"
"Space FAQ 09/15 - Mission Schedules"	"6"	"7"
"Space FAQ 10/15 - Planetary Probe History"	"6"	"7"
"Space FAQ 15/15 - Orbital and Planetary Launch Services"	"6"	"0"
"Space FAQ 07/15 - Astronomical Mnemonics"	"6"	"7"
"Space FAQ 08/15 - Addresses"	"6"	"7"
"Space FAQ 11/15 - Upcoming Planetary Probes"	"6"	"7"
"Space FAQ 04/15 - Calculations"	"6"	"7"
"Astro/Space Frequently Seen Acronyms"	"6"	"7"
"Re: HLV for Fred (was Re: Prefab Space Station?)"	"6"	"3"
"Celebrate Liberty!  1993"	"6"	"7"
"Re: Space Research Spin Off"	"6"	"3"
"Orbit data - help needed"	"6"	"3"
"Re: nuclear waste"	"6"	"1"
"Nasa (dis)incentives"	"6"	"1"
"Re: Alaska Pipeline and Space Station!"	"6"	"1"
"Long Island (was Why use AC at 20kHz for SSF power)"	"6"	"7"
"How do they ignite the SSME?"	"6"	"7"
"Re: Vulcan?  (No, not the guy with the ears!)"	"6"	"7"
"Blow up space station, easy way to do it."	"6"	"7"
"What if the USSR had reached the Moon first?"	"6"	"7"
"Re: Space Research Spin Off"	"6"	"7"
"Re: Griffin / Office of Exploration: RIP"	"6"	"7"
"Re: DC-X: Vehicle Nears Flight Test"	"6"	"1"
"Re: Griffin / Office of Exploration: RIP"	"6"	"7"
"Re: DC-X: Vehicle Nears Flight Test"	"6"	"1"
"SSF Redesign: Constellation"	"6"	"7"
"Re: HLV for Fred (was Re: Prefab Space Station?)"	"6"	"3"
"Re: Metric vs English"	"6"	"7"
"Re: Market or gov failures"	"6"	"1"
"Re: What if the USSR had reached the Moon first?"	"6"	"7"
"Re: nuclear waste"	"6"	"1"
"Re: nuclear waste"	"6"	"1"
"Dutch: symposium compacte objecten"	"6"	"5"
"Re: Comet in Temporary Orbit Around Jupiter?"	"6"	"7"
"Re: space food sticks"	"6"	"7"
"Re: space food sticks"	"6"	"7"
"Re: pushing the envelope"	"6"	"1"
"Re: Abyss: breathing fluids"	"6"	"1"
"Re: What if the USSR had reached the Moon first?"	"6"	"7"
"Cosmos 2238: an EORSAT"	"6"	"7"
"Aerospace companies cooperate in reusable vehicle market."	"6"	"7"
"SSTO Senatorial (aide) breifing recollections."	"6"	"7"
"Re: Space Research Spin Off"	"6"	"7"
"Re: Comet in Temporary Orbit Around Jupiter?"	"6"	"7"
"Re: Vulcan?  (No, not the guy with the ears!)"	"6"	"7"
"Re: nuclear waste"	"6"	"1"
"Re: Alaska Pipeline and Space Station!"	"6"	"1"
"Re: Comet in Temporary Orbit Around Jupiter?"	"6"	"7"
"Gibbons Outlines SSF Redesign Guidance"	"6"	"7"
"Re: Space Research Spin Off"	"6"	"7"
"Re: Mars Observer Update - 03/29/93"	"6"	"7"
"Washington Post Article on SSF Redesign"	"6"	"7"
"Blue Ribbon Panel Members Named"	"6"	"7"
"Re: the call to space (was Re: Clueless Szaboisms )"	"6"	"7"
"Re: the call to space (was Re: Clueless Szaboisms )"	"6"	"1"
"Re: Small Astronaut (was: Budget Astronaut)"	"6"	"7"
"NASA ""Wraps"""	"6"	"7"
"DC-X Rollout Report"	"6"	"1"
"Re: nuclear waste"	"6"	"1"
"White House outlines options for station, Russian cooperation"	"6"	"7"
"Re: Sr-71 in propoganda films?"	"6"	"1"
"Re: Quaint US Archaisms"	"6"	"1"
"Fred and Tom, ad naseum"	"6"	"1"
"Re: DC-X Rollout Report"	"6"	"1"
"Some Recent Observations by Hubble"	"6"	"7"
"Ozone GIFs Available"	"6"	"7"
"Sixty-two thousand (was Re: How many read sci.space?)"	"6"	"7"
"Re: How to get there? (was Re: Comet in Temporary Orbit Around Jupiter?"	"6"	"7"
"Galileo Update - 04/15/93"	"6"	"7"
"Successful Balloon Flight Measures Ozone Layer"	"6"	"7"
"*Doppelganger* (was Re: Vulcan? No, not Spock or Haphaestus)"	"6"	"7"
"Re: Comet in Temporary Orbit Around Jupiter?"	"6"	"7"
"Two-Line Orbital Element Set:  Space Shuttle"	"6"	"7"
"Re: DC-X update???"	"6"	"1"
"Space Event in Los Angeles, CA"	"6"	"7"
"Re: How many read sci.space?"	"6"	"7"
"Re: Clementine Science Team Selected"	"6"	"7"
"Big amateur rockets"	"6"	"1"
"Re: Shuttle oxygen (was Budget Astronaut)"	"6"	"7"
"Re: Big amateur rockets"	"6"	"1"
"Re: How many read sci.space?"	"6"	"7"
"Sixty-two thousand (was Re: How many read sci.space?)"	"6"	"7"
"Re: Big amateur rockets"	"6"	"1"
"Re: Big amateur rockets"	"6"	"1"
"Space Event near Los Angeles, CA"	"6"	"7"
"Re: Big amateur rockets"	"6"	"1"
"Re: DC-X update???"	"6"	"1"
"Re: A WRENCH in the works?"	"6"	"7"
"Re: A WRENCH in the works?"	"6"	"7"
"Re: japanese moon landing?"	"6"	"7"
"Orion drive in vacuum -- how?"	"6"	"1"
"How to read sci.space without netnews"	"6"	"7"
"Re: japanese moon landing?"	"6"	"7"
"Re: How many read sci.space?"	"6"	"7"
"Moscow Aviation Institute summer school"	"6"	"3"
"japanese moon landing/temporary orbit"	"6"	"7"
"Re: japanese moon landing?"	"6"	"7"
"Two-Line Orbital Element Set:  Space Shuttle"	"6"	"7"
"Re: Guns for Space"	"6"	"7"
"Re: Guns for Space"	"6"	"0"
"Re: Elevator to the top floor"	"6"	"0"
"End of the Space Age"	"6"	"7"
"Re: Orbital RepairStation"	"6"	"1"
"Re: Orion drive in vacuum -- how?"	"6"	"1"
